panel_code,static,modal_2008_2011,modal_2022_2025
11110,ESC,ESC,ESC
11140,ESC,ESC,ESC
11170,ESC,ESC,ESC
11200,ESC,ESC,ESC
11215,ESC,ESC,OUT
11230,ESC,ESC,OUT
11260,OUT,OUT,OUT
11290,OUT,ESC,OUT
11305,OUT,OUT,OUT
11320,OUT,OUT,OUT
11350,OUT,OUT,OUT
11380,OUT,LAND,OUT
11410,ESC,ESC,OUT
11440,ESC,ESC,OUT
11470,OUT,ESC,OUT
11500,OUT,OUT,OUT
11530,OUT,ESC,OUT
11545,OUT,ESC,OUT
11560,ESC,ESC,ESC
11590,ESC,ESC,ESC
11620,ESC,ESC,ESC
11650,ESC,ESC,OUT
11680,ESC,ESC,OUT
11710,OUT,ESC,OUT
11740,OUT,LAND,LAND
26110,ESC,ESC,ESC
26140,OUT,OUT,SUP
26170,ESC,OUT,ESC
26200,ANC,OUT,ANC
26230,OUT,OUT,LAND
26260,OUT,OUT,LAND
26290,OUT,OUT,OUT
26320,OUT,OUT,ANC
26350,OUT,OUT,OUT
26380,ANC,OUT,ANC
26410,OUT,OUT,OUT
26440,HTR,HTR,OUT
26470,OUT,ESC,OUT
26500,ESC,ESC,ESC
26530,OUT,OUT,OUT
26710,LAND,HTR,ANC
27110,HTR,HTR,HTR
27140,OUT,OUT,SUP
27170,OUT,OUT,SUP
27200,ESC,ESC,ESC
27230,OUT,OUT,ANC
27260,OUT,OUT,OUT
27290,OUT,OUT,ANC
27710,LAND,LAND,ANC
27720,SUP,SUP,HTR
28110,HTR,HTR,LAND
28140,OUT,OUT,OUT
28177,OUT,OUT,LAND
28185,LAND,LAND,LAND
28200,OUT,LAND,OUT
28237,OUT,OUT,OUT
28245,OUT,LAND,OUT
28260,LAND,LAND,LAND
28710,SUP,SUP,SUP
28720,HTR,HTR,HTR
29110,HTR,HTR,ESC
29140,OUT,ESC,OUT
29155,OUT,HTR,OUT
29170,OUT,OUT,ANC
29200,LAND,LAND,ANC
30110,OUT,OUT,SUP
30140,OUT,OUT,OUT
30170,OUT,OUT,OUT
30200,LAND,HTR,OUT
30230,OUT,OUT,OUT
31110,OUT,OUT,ANC
31140,OUT,OUT,ANC
31170,OUT,OUT,ANC
31200,LAND,LAND,ANC
31710,LAND,LAND,ANC
36110,HTR,,OUT
41110,OUT,OUT,ANC
41130,OUT,OUT,OUT
41150,OUT,OUT,ANC
41170,OUT,OUT,ANC
41190,OUT,OUT,ANC
41210,OUT,LAND,OUT
41220,LAND,OUT,ANC
41250,OUT,LAND,OUT
41270,OUT,OUT,ANC
41280,LAND,OUT,ANC
41290,HTR,HTR,HTR
41310,OUT,ESC,OUT
41360,LAND,LAND,ANC
41370,LAND,HTR,LAND
41390,LAND,LAND,ANC
41410,OUT,OUT,OUT
41430,OUT,HTR,OUT
41450,OUT,LAND,OUT
41460,LAND,LAND,ANC
41480,LAND,LAND,LAND
41500,ANC,OUT,ANC
41550,LAND,LAND,LAND
41570,LAND,LAND,ANC
41590,LAND,HTR,LAND
41610,LAND,LAND,ANC
41630,LAND,HTR,LAND
41650,OUT,OUT,SUP
41670,LAND,SUP,LAND
41800,SUP,SUP,SUP
41820,SUP,LAND,SUP
41830,LAND,LAND,LAND
43110,ANC,ANC,ANC
43130,ANC,ANC,ANC
43150,ANC,ANC,ANC
43720,SUP,SUP,SUP
43730,ANC,ANC,ANC
43740,SUP,SUP,SUP
43745,LAND,LAND,SUP
43750,LAND,SUP,SUP
43760,HTR,SUP,HTR
43770,SUP,SUP,SUP
43800,SUP,SUP,SUP
44130,ANC,LAND,ANC
44150,SUP,ANC,SUP
44180,ANC,ANC,ANC
44200,LAND,LAND,LAND
44210,ANC,ANC,ANC
44230,SUP,SUP,SUP
44250,HTR,HTR,HTR
44270,ANC,LAND,ANC
44710,SUP,SUP,SUP
44760,ANC,ANC,ANC
44770,ANC,ANC,SUP
44790,SUP,SUP,SUP
44800,ANC,ANC,LAND
44810,SUP,ANC,SUP
44825,SUP,SUP,SUP
46110,OUT,OUT,ANC
46130,ANC,ANC,ANC
46150,ANC,ANC,ANC
46170,SUP,SUP,SUP
46230,ANC,ANC,ANC
46710,SUP,HTR,SUP
46720,SUP,SUP,SUP
46730,SUP,SUP,SUP
46770,SUP,SUP,SUP
46780,SUP,SUP,SUP
46790,SUP,SUP,ANC
46800,SUP,SUP,SUP
46810,SUP,SUP,SUP
46820,SUP,SUP,ANC
46830,SUP,ESC,SUP
46840,HTR,HTR,LAND
46860,SUP,SUP,SUP
46870,SUP,SUP,SUP
46880,HTR,HTR,SUP
46890,SUP,SUP,ANC
46900,SUP,SUP,SUP
46910,HTR,HTR,HTR
47110,ANC,ANC,ANC
47130,ANC,ANC,ANC
47150,ANC,ANC,ANC
47170,ANC,ANC,ANC
47190,ANC,ANC,ANC
47210,ANC,ANC,ANC
47230,SUP,SUP,SUP
47250,ANC,ANC,SUP
47280,SUP,SUP,SUP
47290,LAND,OUT,ANC
47730,SUP,SUP,SUP
47750,SUP,SUP,SUP
47760,SUP,SUP,SUP
47770,SUP,SUP,SUP
47820,SUP,SUP,SUP
47830,SUP,SUP,SUP
47840,SUP,SUP,SUP
47850,SUP,SUP,SUP
47900,SUP,SUP,SUP
47920,SUP,SUP,SUP
47930,SUP,ANC,SUP
47940,HTR,HTR,HTR
48110,ANC,ANC,ANC
48170,ANC,ANC,ANC
48220,ANC,ANC,ANC
48240,ANC,SUP,ANC
48250,ANC,LAND,ANC
48270,ANC,ANC,ANC
48310,ANC,ANC,ANC
48330,LAND,LAND,ANC
48720,SUP,SUP,SUP
48730,SUP,SUP,SUP
48740,SUP,SUP,SUP
48820,SUP,SUP,SUP
48840,SUP,SUP,SUP
48850,SUP,HTR,SUP
48860,SUP,SUP,SUP
48870,SUP,SUP,SUP
48880,ANC,ANC,ANC
48890,SUP,HTR,SUP
50110,ANC,ANC,ANC
50130,SUP,ANC,SUP
51110,ANC,ANC,ANC
51130,ANC,ANC,ANC
51150,ANC,ANC,ANC
51170,ANC,OUT,ANC
51190,ANC,OUT,ANC
51210,OUT,OUT,SUP
51230,SUP,SUP,SUP
51720,SUP,SUP,SUP
51730,SUP,SUP,SUP
51750,SUP,SUP,SUP
51760,SUP,SUP,SUP
51770,SUP,SUP,SUP
51780,SUP,SUP,SUP
51790,HTR,HTR,HTR
51800,SUP,HTR,SUP
51810,SUP,ESC,SUP
51820,HTR,HTR,SUP
51830,SUP,SUP,SUP
52110,ANC,ANC,ANC
52130,ANC,ANC,ANC
52140,ANC,ANC,ANC
52180,ANC,ANC,ANC
52190,ANC,ANC,ANC
52210,SUP,SUP,ANC
52710,HTR,HTR,LAND
52720,SUP,HTR,SUP
52730,SUP,HTR,ANC
52740,SUP,SUP,SUP
52750,HTR,HTR,SUP
52770,SUP,SUP,SUP
52790,SUP,SUP,SUP
52800,SUP,SUP,ANC
